{
  "quotes": [
    {
      "id": 0,
      "quote": "No one in the brief history of computing has ever written a piece of perfect software. It's unlikely that you'll be the first.",
      "source": "Andy Hunt"
    },
    {
      "id": 1,
      "quote": "Programs must be written for people to read, and only incidentally for machines to execute.",
      "source": "Harold Abelson"
    },
    {
      "id": 2,
      "quote": "The art of debugging is figuring out what you really told your program to do rather than what you thought you told it to do.",
      "source": "Andrew Singer"
    },
    {
      "id": 3,
      "quote": "If you can’t explain something in simple terms, you don’t understand it.",
      "source": "Richard Feynman"
    },
    {
      "id": 4,
      "quote": "I'm not a great programmer; I'm just a good programmer with great habits.",
      "source": "Kent Beck"
    }
  ]
}